1535366499	2026-09-17T15:45:25.4510534050+0300	runs/multifidelity-pilot-v3-gpu0/baselines/canonical/multifidelity/training/main/budget-1024/checkpoints/ep0-ba1024-rank0.pt
1535365795	2026-09-17T15:33:13.8782215210+0300	runs/multifidelity-pilot-v3-gpu0/baselines/canonical/multifidelity/training/main/budget-128/checkpoints/ep0-ba128-rank0.pt
1535366819	2026-09-17T15:54:19.4228049880+0300	runs/multifidelity-pilot-v3-gpu0/baselines/canonical/multifidelity/training/main/budget-2048/checkpoints/ep0-ba2048-rank0.pt
1535366115	2026-09-17T15:38:08.8368923460+0300	runs/multifidelity-pilot-v3-gpu0/baselines/canonical/multifidelity/training/main/budget-256/checkpoints/ep0-ba256-rank0.pt
1535367139	2026-09-17T16:06:45.0303024600+0300	runs/multifidelity-pilot-v3-gpu0/baselines/canonical/multifidelity/training/main/budget-4096/checkpoints/ep0-ba4096-rank0.pt
1535366691	2026-09-17T17:08:48.0586591710+0300	runs/multifidelity-pilot-v3-gpu0/ideas/idea-0003-decoupled-forget-and-write-gates/v001/implementations/impl-3f04b2159d4c992e19829c71f594520a7e7e9053/training/main/budget-1024/checkpoints/ep0-ba1024-rank0.pt
1535365859	2026-09-17T16:57:31.9494823990+0300	runs/multifidelity-pilot-v3-gpu0/ideas/idea-0003-decoupled-forget-and-write-gates/v001/implementations/impl-3f04b2159d4c992e19829c71f594520a7e7e9053/training/main/budget-128/checkpoints/ep0-ba128-rank0.pt
1535367139	2026-09-17T17:16:06.5947399190+0300	runs/multifidelity-pilot-v3-gpu0/ideas/idea-0003-decoupled-forget-and-write-gates/v001/implementations/impl-3f04b2159d4c992e19829c71f594520a7e7e9053/training/main/budget-2048/checkpoints/ep0-ba2048-rank0.pt
1535366307	2026-09-17T17:01:50.3101450170+0300	runs/multifidelity-pilot-v3-gpu0/ideas/idea-0003-decoupled-forget-and-write-gates/v001/implementations/impl-3f04b2159d4c992e19829c71f594520a7e7e9053/training/main/budget-256/checkpoints/ep0-ba256-rank0.pt
1535367587	2026-09-17T17:27:21.7269468790+0300	runs/multifidelity-pilot-v3-gpu0/ideas/idea-0003-decoupled-forget-and-write-gates/v001/implementations/impl-3f04b2159d4c992e19829c71f594520a7e7e9053/training/main/budget-4096/checkpoints/ep0-ba4096-rank0.pt
1535366691	2026-09-17T18:30:36.3069994900+0300	runs/multifidelity-pilot-v3-gpu0/ideas/idea-0003-decoupled-forget-and-write-gates/v001/implementations/impl-402916a801c97b04cf3f7623a9d1ae230623eccb/training/main/budget-1024/checkpoints/ep0-ba1024-rank0.pt
1535365859	2026-09-17T18:19:45.9971933320+0300	runs/multifidelity-pilot-v3-gpu0/ideas/idea-0003-decoupled-forget-and-write-gates/v001/implementations/impl-402916a801c97b04cf3f7623a9d1ae230623eccb/training/main/budget-128/checkpoints/ep0-ba128-rank0.pt
1535367139	2026-09-17T18:38:40.9839535710+0300	runs/multifidelity-pilot-v3-gpu0/ideas/idea-0003-decoupled-forget-and-write-gates/v001/implementations/impl-402916a801c97b04cf3f7623a9d1ae230623eccb/training/main/budget-2048/checkpoints/ep0-ba2048-rank0.pt
1535366307	2026-09-17T18:24:21.4036210780+0300	runs/multifidelity-pilot-v3-gpu0/ideas/idea-0003-decoupled-forget-and-write-gates/v001/implementations/impl-402916a801c97b04cf3f7623a9d1ae230623eccb/training/main/budget-256/checkpoints/ep0-ba256-rank0.pt
1535367587	2026-09-17T18:50:18.2166366510+0300	runs/multifidelity-pilot-v3-gpu0/ideas/idea-0003-decoupled-forget-and-write-gates/v001/implementations/impl-402916a801c97b04cf3f7623a9d1ae230623eccb/training/main/budget-4096/checkpoints/ep0-ba4096-rank0.pt
1535366691	2026-09-17T16:36:00.0276756380+0300	runs/multifidelity-pilot-v3-gpu0/ideas/idea-0003-decoupled-forget-and-write-gates/v001/implementations/impl-759a0d7c45a839deefec529eace811a410f9e8b8/training/main/budget-1024/checkpoints/ep0-ba1024-rank0.pt
1535365859	2026-09-17T16:23:36.7992018890+0300	runs/multifidelity-pilot-v3-gpu0/ideas/idea-0003-decoupled-forget-and-write-gates/v001/implementations/impl-759a0d7c45a839deefec529eace811a410f9e8b8/training/main/budget-128/checkpoints/ep0-ba128-rank0.pt
1535367139	2026-09-17T16:44:01.2486578350+0300	runs/multifidelity-pilot-v3-gpu0/ideas/idea-0003-decoupled-forget-and-write-gates/v001/implementations/impl-759a0d7c45a839deefec529eace811a410f9e8b8/training/main/budget-2048/checkpoints/ep0-ba2048-rank0.pt
1535366307	2026-09-17T16:28:31.0229032280+0300	runs/multifidelity-pilot-v3-gpu0/ideas/idea-0003-decoupled-forget-and-write-gates/v001/implementations/impl-759a0d7c45a839deefec529eace811a410f9e8b8/training/main/budget-256/checkpoints/ep0-ba256-rank0.pt
1535367587	2026-09-17T16:55:07.2740799700+0300	runs/multifidelity-pilot-v3-gpu0/ideas/idea-0003-decoupled-forget-and-write-gates/v001/implementations/impl-759a0d7c45a839deefec529eace811a410f9e8b8/training/main/budget-4096/checkpoints/ep0-ba4096-rank0.pt
1535366691	2026-09-17T17:52:25.7868656620+0300	runs/multifidelity-pilot-v3-gpu0/ideas/idea-0003-decoupled-forget-and-write-gates/v001/implementations/impl-8ed7533780fbce32eeb68ebb45eaefec2319a77a/training/main/budget-1024/checkpoints/ep0-ba1024-rank0.pt
1535365859	2026-09-17T17:41:47.9215531380+0300	runs/multifidelity-pilot-v3-gpu0/ideas/idea-0003-decoupled-forget-and-write-gates/v001/implementations/impl-8ed7533780fbce32eeb68ebb45eaefec2319a77a/training/main/budget-128/checkpoints/ep0-ba128-rank0.pt
1535367139	2026-09-17T17:59:53.4138128640+0300	runs/multifidelity-pilot-v3-gpu0/ideas/idea-0003-decoupled-forget-and-write-gates/v001/implementations/impl-8ed7533780fbce32eeb68ebb45eaefec2319a77a/training/main/budget-2048/checkpoints/ep0-ba2048-rank0.pt
1535366307	2026-09-17T17:45:59.9803490140+0300	runs/multifidelity-pilot-v3-gpu0/ideas/idea-0003-decoupled-forget-and-write-gates/v001/implementations/impl-8ed7533780fbce32eeb68ebb45eaefec2319a77a/training/main/budget-256/checkpoints/ep0-ba256-rank0.pt
1535367587	2026-09-17T18:11:26.9376474260+0300	runs/multifidelity-pilot-v3-gpu0/ideas/idea-0003-decoupled-forget-and-write-gates/v001/implementations/impl-8ed7533780fbce32eeb68ebb45eaefec2319a77a/training/main/budget-4096/checkpoints/ep0-ba4096-rank0.pt
1535376355	2026-09-17T20:58:49.3932756670+0300	runs/multifidelity-pilot-v3-gpu0/ideas/idea-0009-selective-norm-control-for-decoupled-writes/v001/implementations/impl-17aeb2d636d571d4f416c57a63f91e5188898d35/training/main/budget-1024/checkpoints/ep0-ba1024-rank0.pt
1535375459	2026-09-17T20:48:18.7249083170+0300	runs/multifidelity-pilot-v3-gpu0/ideas/idea-0009-selective-norm-control-for-decoupled-writes/v001/implementations/impl-17aeb2d636d571d4f416c57a63f91e5188898d35/training/main/budget-128/checkpoints/ep0-ba128-rank0.pt
1535376803	2026-09-17T21:06:07.9494452000+0300	runs/multifidelity-pilot-v3-gpu0/ideas/idea-0009-selective-norm-control-for-decoupled-writes/v001/implementations/impl-17aeb2d636d571d4f416c57a63f91e5188898d35/training/main/budget-2048/checkpoints/ep0-ba2048-rank0.pt
1535375907	2026-09-17T20:52:16.1400246820+0300	runs/multifidelity-pilot-v3-gpu0/ideas/idea-0009-selective-norm-control-for-decoupled-writes/v001/implementations/impl-17aeb2d636d571d4f416c57a63f91e5188898d35/training/main/budget-256/checkpoints/ep0-ba256-rank0.pt
1535377251	2026-09-17T21:18:57.3495174450+0300	runs/multifidelity-pilot-v3-gpu0/ideas/idea-0009-selective-norm-control-for-decoupled-writes/v001/implementations/impl-17aeb2d636d571d4f416c57a63f91e5188898d35/training/main/budget-4096/checkpoints/ep0-ba4096-rank0.pt
1535366755	2026-09-17T19:10:48.7511723520+0300	runs/multifidelity-pilot-v3-gpu0/ideas/idea-0009-selective-norm-control-for-decoupled-writes/v001/implementations/impl-402916a801c97b04cf3f7623a9d1ae230623eccb/training/main/budget-1024/checkpoints/ep0-ba1024-rank0.pt
1535365859	2026-09-17T18:59:24.9378164770+0300	runs/multifidelity-pilot-v3-gpu0/ideas/idea-0009-selective-norm-control-for-decoupled-writes/v001/implementations/impl-402916a801c97b04cf3f7623a9d1ae230623eccb/training/main/budget-128/checkpoints/ep0-ba128-rank0.pt
1535367203	2026-09-17T19:17:51.8405774700+0300	runs/multifidelity-pilot-v3-gpu0/ideas/idea-0009-selective-norm-control-for-decoupled-writes/v001/implementations/impl-402916a801c97b04cf3f7623a9d1ae230623eccb/training/main/budget-2048/checkpoints/ep0-ba2048-rank0.pt
1535366307	2026-09-17T19:03:43.8072022280+0300	runs/multifidelity-pilot-v3-gpu0/ideas/idea-0009-selective-norm-control-for-decoupled-writes/v001/implementations/impl-402916a801c97b04cf3f7623a9d1ae230623eccb/training/main/budget-256/checkpoints/ep0-ba256-rank0.pt
1535367651	2026-09-17T19:30:01.4244796410+0300	runs/multifidelity-pilot-v3-gpu0/ideas/idea-0009-selective-norm-control-for-decoupled-writes/v001/implementations/impl-402916a801c97b04cf3f7623a9d1ae230623eccb/training/main/budget-4096/checkpoints/ep0-ba4096-rank0.pt
1535366755	2026-09-17T19:42:54.7976743290+0300	runs/multifidelity-pilot-v3-gpu0/ideas/idea-0009-selective-norm-control-for-decoupled-writes/v001/implementations/impl-69e1dc00ce174993064fb4c920e04c9570126e93/training/main/budget-1024/checkpoints/ep0-ba1024-rank0.pt
1535365859	2026-09-17T19:32:28.3518345500+0300	runs/multifidelity-pilot-v3-gpu0/ideas/idea-0009-selective-norm-control-for-decoupled-writes/v001/implementations/impl-69e1dc00ce174993064fb4c920e04c9570126e93/training/main/budget-128/checkpoints/ep0-ba128-rank0.pt
1535367203	2026-09-17T19:50:22.6201724700+0300	runs/multifidelity-pilot-v3-gpu0/ideas/idea-0009-selective-norm-control-for-decoupled-writes/v001/implementations/impl-69e1dc00ce174993064fb4c920e04c9570126e93/training/main/budget-2048/checkpoints/ep0-ba2048-rank0.pt
1535366307	2026-09-17T19:36:37.2336588560+0300	runs/multifidelity-pilot-v3-gpu0/ideas/idea-0009-selective-norm-control-for-decoupled-writes/v001/implementations/impl-69e1dc00ce174993064fb4c920e04c9570126e93/training/main/budget-256/checkpoints/ep0-ba256-rank0.pt
1535367651	2026-09-17T20:01:45.6368136260+0300	runs/multifidelity-pilot-v3-gpu0/ideas/idea-0009-selective-norm-control-for-decoupled-writes/v001/implementations/impl-69e1dc00ce174993064fb4c920e04c9570126e93/training/main/budget-4096/checkpoints/ep0-ba4096-rank0.pt
1535376355	2026-09-17T21:37:35.9388573700+0300	runs/multifidelity-pilot-v3-gpu0/ideas/idea-0009-selective-norm-control-for-decoupled-writes/v001/implementations/impl-75fef925090ba5723b922b453ddcb50537cc60c4/training/main/budget-1024/checkpoints/ep0-ba1024-rank0.pt
1535375459	2026-09-17T21:26:36.6497028380+0300	runs/multifidelity-pilot-v3-gpu0/ideas/idea-0009-selective-norm-control-for-decoupled-writes/v001/implementations/impl-75fef925090ba5723b922b453ddcb50537cc60c4/training/main/budget-128/checkpoints/ep0-ba128-rank0.pt
1535376803	2026-09-17T21:45:22.3262408510+0300	runs/multifidelity-pilot-v3-gpu0/ideas/idea-0009-selective-norm-control-for-decoupled-writes/v001/implementations/impl-75fef925090ba5723b922b453ddcb50537cc60c4/training/main/budget-2048/checkpoints/ep0-ba2048-rank0.pt
1535375907	2026-09-17T21:31:03.5665659600+0300	runs/multifidelity-pilot-v3-gpu0/ideas/idea-0009-selective-norm-control-for-decoupled-writes/v001/implementations/impl-75fef925090ba5723b922b453ddcb50537cc60c4/training/main/budget-256/checkpoints/ep0-ba256-rank0.pt
1535377251	2026-09-17T21:56:53.7079244470+0300	runs/multifidelity-pilot-v3-gpu0/ideas/idea-0009-selective-norm-control-for-decoupled-writes/v001/implementations/impl-75fef925090ba5723b922b453ddcb50537cc60c4/training/main/budget-4096/checkpoints/ep0-ba4096-rank0.pt
1535376355	2026-09-17T20:20:25.7783317990+0300	runs/multifidelity-pilot-v3-gpu0/ideas/idea-0009-selective-norm-control-for-decoupled-writes/v001/implementations/impl-cc064ef631929ec0640d2f26bb5f30eb7a36bb3a/training/main/budget-1024/checkpoints/ep0-ba1024-rank0.pt
1535375459	2026-09-17T20:10:10.0448835920+0300	runs/multifidelity-pilot-v3-gpu0/ideas/idea-0009-selective-norm-control-for-decoupled-writes/v001/implementations/impl-cc064ef631929ec0640d2f26bb5f30eb7a36bb3a/training/main/budget-128/checkpoints/ep0-ba128-rank0.pt
1535376803	2026-09-17T20:28:27.4203661170+0300	runs/multifidelity-pilot-v3-gpu0/ideas/idea-0009-selective-norm-control-for-decoupled-writes/v001/implementations/impl-cc064ef631929ec0640d2f26bb5f30eb7a36bb3a/training/main/budget-2048/checkpoints/ep0-ba2048-rank0.pt
1535375907	2026-09-17T20:14:07.0757421940+0300	runs/multifidelity-pilot-v3-gpu0/ideas/idea-0009-selective-norm-control-for-decoupled-writes/v001/implementations/impl-cc064ef631929ec0640d2f26bb5f30eb7a36bb3a/training/main/budget-256/checkpoints/ep0-ba256-rank0.pt
1535377251	2026-09-17T20:39:51.8634583940+0300	runs/multifidelity-pilot-v3-gpu0/ideas/idea-0009-selective-norm-control-for-decoupled-writes/v001/implementations/impl-cc064ef631929ec0640d2f26bb5f30eb7a36bb3a/training/main/budget-4096/checkpoints/ep0-ba4096-rank0.pt
1535366755	2026-09-17T22:17:18.8009563160+0300	runs/multifidelity-pilot-v3-gpu0/ideas/idea-0014-paired-retention-and-write-head-specialization/v001/implementations/impl-402916a801c97b04cf3f7623a9d1ae230623eccb/training/main/budget-1024/checkpoints/ep0-ba1024-rank0.pt
1535365859	2026-09-17T22:06:21.0420059840+0300	runs/multifidelity-pilot-v3-gpu0/ideas/idea-0014-paired-retention-and-write-head-specialization/v001/implementations/impl-402916a801c97b04cf3f7623a9d1ae230623eccb/training/main/budget-128/checkpoints/ep0-ba128-rank0.pt
1535367203	2026-09-17T22:24:24.0442356910+0300	runs/multifidelity-pilot-v3-gpu0/ideas/idea-0014-paired-retention-and-write-head-specialization/v001/implementations/impl-402916a801c97b04cf3f7623a9d1ae230623eccb/training/main/budget-2048/checkpoints/ep0-ba2048-rank0.pt
1535366307	2026-09-17T22:10:27.3129016830+0300	runs/multifidelity-pilot-v3-gpu0/ideas/idea-0014-paired-retention-and-write-head-specialization/v001/implementations/impl-402916a801c97b04cf3f7623a9d1ae230623eccb/training/main/budget-256/checkpoints/ep0-ba256-rank0.pt
1535367651	2026-09-17T22:36:26.8656773670+0300	runs/multifidelity-pilot-v3-gpu0/ideas/idea-0014-paired-retention-and-write-head-specialization/v001/implementations/impl-402916a801c97b04cf3f7623a9d1ae230623eccb/training/main/budget-4096/checkpoints/ep0-ba4096-rank0.pt
1535366755	2026-09-17T23:30:20.4144088810+0300	runs/multifidelity-pilot-v3-gpu0/ideas/idea-0014-paired-retention-and-write-head-specialization/v001/implementations/impl-7068d7b172068cc410a12232969900c4a27330c8/training/main/budget-1024/checkpoints/ep0-ba1024-rank0.pt
1535365859	2026-09-17T23:18:32.6067973740+0300	runs/multifidelity-pilot-v3-gpu0/ideas/idea-0014-paired-retention-and-write-head-specialization/v001/implementations/impl-7068d7b172068cc410a12232969900c4a27330c8/training/main/budget-128/checkpoints/ep0-ba128-rank0.pt
1535367203	2026-09-17T23:37:39.1392864540+0300	runs/multifidelity-pilot-v3-gpu0/ideas/idea-0014-paired-retention-and-write-head-specialization/v001/implementations/impl-7068d7b172068cc410a12232969900c4a27330c8/training/main/budget-2048/checkpoints/ep0-ba2048-rank0.pt
1535366307	2026-09-17T23:23:03.3531331330+0300	runs/multifidelity-pilot-v3-gpu0/ideas/idea-0014-paired-retention-and-write-head-specialization/v001/implementations/impl-7068d7b172068cc410a12232969900c4a27330c8/training/main/budget-256/checkpoints/ep0-ba256-rank0.pt
1535367651	2026-09-17T23:49:04.3336830350+0300	runs/multifidelity-pilot-v3-gpu0/ideas/idea-0014-paired-retention-and-write-head-specialization/v001/implementations/impl-7068d7b172068cc410a12232969900c4a27330c8/training/main/budget-4096/checkpoints/ep0-ba4096-rank0.pt
1535366755	2026-09-18T00:09:17.5606511640+0300	runs/multifidelity-pilot-v3-gpu0/ideas/idea-0014-paired-retention-and-write-head-specialization/v001/implementations/impl-d87a8034edf87d55ff53db38466fc51abe94ac6f/training/main/budget-1024/checkpoints/ep0-ba1024-rank0.pt
1535365859	2026-09-17T23:57:52.4981307240+0300	runs/multifidelity-pilot-v3-gpu0/ideas/idea-0014-paired-retention-and-write-head-specialization/v001/implementations/impl-d87a8034edf87d55ff53db38466fc51abe94ac6f/training/main/budget-128/checkpoints/ep0-ba128-rank0.pt
1535367203	2026-09-18T00:16:45.2435749050+0300	runs/multifidelity-pilot-v3-gpu0/ideas/idea-0014-paired-retention-and-write-head-specialization/v001/implementations/impl-d87a8034edf87d55ff53db38466fc51abe94ac6f/training/main/budget-2048/checkpoints/ep0-ba2048-rank0.pt
1535366307	2026-09-18T00:02:41.8152247790+0300	runs/multifidelity-pilot-v3-gpu0/ideas/idea-0014-paired-retention-and-write-head-specialization/v001/implementations/impl-d87a8034edf87d55ff53db38466fc51abe94ac6f/training/main/budget-256/checkpoints/ep0-ba256-rank0.pt
1535367651	2026-09-18T00:28:29.7651487490+0300	runs/multifidelity-pilot-v3-gpu0/ideas/idea-0014-paired-retention-and-write-head-specialization/v001/implementations/impl-d87a8034edf87d55ff53db38466fc51abe94ac6f/training/main/budget-4096/checkpoints/ep0-ba4096-rank0.pt
1535366755	2026-09-17T22:50:34.9593494000+0300	runs/multifidelity-pilot-v3-gpu0/ideas/idea-0014-paired-retention-and-write-head-specialization/v001/implementations/impl-f1bb5198039669f5efa930249c1f929663a92852/training/main/budget-1024/checkpoints/ep0-ba1024-rank0.pt
1535365859	2026-09-17T22:39:51.8139734440+0300	runs/multifidelity-pilot-v3-gpu0/ideas/idea-0014-paired-retention-and-write-head-specialization/v001/implementations/impl-f1bb5198039669f5efa930249c1f929663a92852/training/main/budget-128/checkpoints/ep0-ba128-rank0.pt
1535367203	2026-09-17T22:58:25.9376826080+0300	runs/multifidelity-pilot-v3-gpu0/ideas/idea-0014-paired-retention-and-write-head-specialization/v001/implementations/impl-f1bb5198039669f5efa930249c1f929663a92852/training/main/budget-2048/checkpoints/ep0-ba2048-rank0.pt
1535366307	2026-09-17T22:43:58.5631681850+0300	runs/multifidelity-pilot-v3-gpu0/ideas/idea-0014-paired-retention-and-write-head-specialization/v001/implementations/impl-f1bb5198039669f5efa930249c1f929663a92852/training/main/budget-256/checkpoints/ep0-ba256-rank0.pt
1535367651	2026-09-17T23:09:34.6991191490+0300	runs/multifidelity-pilot-v3-gpu0/ideas/idea-0014-paired-retention-and-write-head-specialization/v001/implementations/impl-f1bb5198039669f5efa930249c1f929663a92852/training/main/budget-4096/checkpoints/ep0-ba4096-rank0.pt
1535376291	2026-09-18T00:55:00.6164871060+0300	runs/multifidelity-pilot-v3-gpu0/ideas/idea-0018-state-novelty-aware-delta-writes/v001/implementations/impl-17aeb2d636d571d4f416c57a63f91e5188898d35/training/main/budget-1024/checkpoints/ep0-ba1024-rank0.pt
1535375459	2026-09-18T00:43:21.3408547530+0300	runs/multifidelity-pilot-v3-gpu0/ideas/idea-0018-state-novelty-aware-delta-writes/v001/implementations/impl-17aeb2d636d571d4f416c57a63f91e5188898d35/training/main/budget-128/checkpoints/ep0-ba128-rank0.pt
1535376739	2026-09-18T01:02:09.3088536400+0300	runs/multifidelity-pilot-v3-gpu0/ideas/idea-0018-state-novelty-aware-delta-writes/v001/implementations/impl-17aeb2d636d571d4f416c57a63f91e5188898d35/training/main/budget-2048/checkpoints/ep0-ba2048-rank0.pt
1535375907	2026-09-18T00:48:16.8777183700+0300	runs/multifidelity-pilot-v3-gpu0/ideas/idea-0018-state-novelty-aware-delta-writes/v001/implementations/impl-17aeb2d636d571d4f416c57a63f91e5188898d35/training/main/budget-256/checkpoints/ep0-ba256-rank0.pt
1535377187	2026-09-18T01:14:04.4621007070+0300	runs/multifidelity-pilot-v3-gpu0/ideas/idea-0018-state-novelty-aware-delta-writes/v001/implementations/impl-17aeb2d636d571d4f416c57a63f91e5188898d35/training/main/budget-4096/checkpoints/ep0-ba4096-rank0.pt
1535376291	2026-09-18T01:28:14.7834367840+0300	runs/multifidelity-pilot-v3-gpu0/ideas/idea-0018-state-novelty-aware-delta-writes/v001/implementations/impl-5f2c316660c7a48fe7edae0587cde2a42bc3c5a5/training/main/budget-1024/checkpoints/ep0-ba1024-rank0.pt
1535375459	2026-09-18T01:16:42.6371763270+0300	runs/multifidelity-pilot-v3-gpu0/ideas/idea-0018-state-novelty-aware-delta-writes/v001/implementations/impl-5f2c316660c7a48fe7edae0587cde2a42bc3c5a5/training/main/budget-128/checkpoints/ep0-ba128-rank0.pt
1535376739	2026-09-18T01:36:25.2842878200+0300	runs/multifidelity-pilot-v3-gpu0/ideas/idea-0018-state-novelty-aware-delta-writes/v001/implementations/impl-5f2c316660c7a48fe7edae0587cde2a42bc3c5a5/training/main/budget-2048/checkpoints/ep0-ba2048-rank0.pt
1535375907	2026-09-18T01:21:34.4319379850+0300	runs/multifidelity-pilot-v3-gpu0/ideas/idea-0018-state-novelty-aware-delta-writes/v001/implementations/impl-5f2c316660c7a48fe7edae0587cde2a42bc3c5a5/training/main/budget-256/checkpoints/ep0-ba256-rank0.pt
1535377187	2026-09-18T01:47:56.8596986430+0300	runs/multifidelity-pilot-v3-gpu0/ideas/idea-0018-state-novelty-aware-delta-writes/v001/implementations/impl-5f2c316660c7a48fe7edae0587cde2a42bc3c5a5/training/main/budget-4096/checkpoints/ep0-ba4096-rank0.pt
1535376291	2026-09-18T03:28:53.8976829150+0300	runs/multifidelity-pilot-v3-gpu0/ideas/idea-0018-state-novelty-aware-delta-writes/v001/implementations/impl-61ad79744cf05bf70d6797e14cccd981a4d501a2/training/main/budget-1024/checkpoints/ep0-ba1024-rank0.pt
1535375459	2026-09-18T03:17:13.2639017560+0300	runs/multifidelity-pilot-v3-gpu0/ideas/idea-0018-state-novelty-aware-delta-writes/v001/implementations/impl-61ad79744cf05bf70d6797e14cccd981a4d501a2/training/main/budget-128/checkpoints/ep0-ba128-rank0.pt
1535376739	2026-09-18T03:36:12.0288813480+0300	runs/multifidelity-pilot-v3-gpu0/ideas/idea-0018-state-novelty-aware-delta-writes/v001/implementations/impl-61ad79744cf05bf70d6797e14cccd981a4d501a2/training/main/budget-2048/checkpoints/ep0-ba2048-rank0.pt
1535375907	2026-09-18T03:21:22.2978293370+0300	runs/multifidelity-pilot-v3-gpu0/ideas/idea-0018-state-novelty-aware-delta-writes/v001/implementations/impl-61ad79744cf05bf70d6797e14cccd981a4d501a2/training/main/budget-256/checkpoints/ep0-ba256-rank0.pt
1535377187	2026-09-18T03:48:07.6806817270+0300	runs/multifidelity-pilot-v3-gpu0/ideas/idea-0018-state-novelty-aware-delta-writes/v001/implementations/impl-61ad79744cf05bf70d6797e14cccd981a4d501a2/training/main/budget-4096/checkpoints/ep0-ba4096-rank0.pt
1535376291	2026-09-18T02:47:49.4567355460+0300	runs/multifidelity-pilot-v3-gpu0/ideas/idea-0018-state-novelty-aware-delta-writes/v001/implementations/impl-78b2debdf288330d93f2c29e92aac6914638f436/training/main/budget-1024/checkpoints/ep0-ba1024-rank0.pt
1535375459	2026-09-18T02:36:16.3725261120+0300	runs/multifidelity-pilot-v3-gpu0/ideas/idea-0018-state-novelty-aware-delta-writes/v001/implementations/impl-78b2debdf288330d93f2c29e92aac6914638f436/training/main/budget-128/checkpoints/ep0-ba128-rank0.pt
1535376739	2026-09-18T02:55:45.8529027840+0300	runs/multifidelity-pilot-v3-gpu0/ideas/idea-0018-state-novelty-aware-delta-writes/v001/implementations/impl-78b2debdf288330d93f2c29e92aac6914638f436/training/main/budget-2048/checkpoints/ep0-ba2048-rank0.pt
1535375907	2026-09-18T02:41:10.3607629760+0300	runs/multifidelity-pilot-v3-gpu0/ideas/idea-0018-state-novelty-aware-delta-writes/v001/implementations/impl-78b2debdf288330d93f2c29e92aac6914638f436/training/main/budget-256/checkpoints/ep0-ba256-rank0.pt
1535377187	2026-09-18T03:07:48.6243748460+0300	runs/multifidelity-pilot-v3-gpu0/ideas/idea-0018-state-novelty-aware-delta-writes/v001/implementations/impl-78b2debdf288330d93f2c29e92aac6914638f436/training/main/budget-4096/checkpoints/ep0-ba4096-rank0.pt
1535376291	2026-09-18T02:09:10.0241292790+0300	runs/multifidelity-pilot-v3-gpu0/ideas/idea-0018-state-novelty-aware-delta-writes/v001/implementations/impl-ff503d398b780831cb287c878dc0a60ae8077c09/training/main/budget-1024/checkpoints/ep0-ba1024-rank0.pt
1535375459	2026-09-18T01:57:14.3038767150+0300	runs/multifidelity-pilot-v3-gpu0/ideas/idea-0018-state-novelty-aware-delta-writes/v001/implementations/impl-ff503d398b780831cb287c878dc0a60ae8077c09/training/main/budget-128/checkpoints/ep0-ba128-rank0.pt
1535376739	2026-09-18T02:16:22.9534863370+0300	runs/multifidelity-pilot-v3-gpu0/ideas/idea-0018-state-novelty-aware-delta-writes/v001/implementations/impl-ff503d398b780831cb287c878dc0a60ae8077c09/training/main/budget-2048/checkpoints/ep0-ba2048-rank0.pt
1535375907	2026-09-18T02:01:59.2958099550+0300	runs/multifidelity-pilot-v3-gpu0/ideas/idea-0018-state-novelty-aware-delta-writes/v001/implementations/impl-ff503d398b780831cb287c878dc0a60ae8077c09/training/main/budget-256/checkpoints/ep0-ba256-rank0.pt
1535377187	2026-09-18T02:27:58.0493342450+0300	runs/multifidelity-pilot-v3-gpu0/ideas/idea-0018-state-novelty-aware-delta-writes/v001/implementations/impl-ff503d398b780831cb287c878dc0a60ae8077c09/training/main/budget-4096/checkpoints/ep0-ba4096-rank0.pt
1535366435	2026-09-17T15:45:36.3077839800+0300	runs/multifidelity-pilot-v3-gpu1/baselines/canonical/multifidelity/training/main/budget-1024/checkpoints/ep0-ba1024-rank0.pt
1535365795	2026-09-17T15:33:20.2320635500+0300	runs/multifidelity-pilot-v3-gpu1/baselines/canonical/multifidelity/training/main/budget-128/checkpoints/ep0-ba128-rank0.pt
1535366819	2026-09-17T15:54:20.1987857380+0300	runs/multifidelity-pilot-v3-gpu1/baselines/canonical/multifidelity/training/main/budget-2048/checkpoints/ep0-ba2048-rank0.pt
1535366115	2026-09-17T15:38:14.4797522000+0300	runs/multifidelity-pilot-v3-gpu1/baselines/canonical/multifidelity/training/main/budget-256/checkpoints/ep0-ba256-rank0.pt
1535367139	2026-09-17T16:06:44.7943083160+0300	runs/multifidelity-pilot-v3-gpu1/baselines/canonical/multifidelity/training/main/budget-4096/checkpoints/ep0-ba4096-rank0.pt
1535366691	2026-09-17T16:28:46.3045241470+0300	runs/multifidelity-pilot-v3-gpu1/ideas/idea-0002-normalized-key-delta-updates/v001/implementations/impl-360464b718d3f7b7e161598ed453fdcb770cb2c4/training/main/budget-1024/checkpoints/ep0-ba1024-rank0.pt
1535365859	2026-09-17T16:15:51.6117419180+0300	runs/multifidelity-pilot-v3-gpu1/ideas/idea-0002-normalized-key-delta-updates/v001/implementations/impl-360464b718d3f7b7e161598ed453fdcb770cb2c4/training/main/budget-128/checkpoints/ep0-ba128-rank0.pt
1535367139	2026-09-17T16:37:22.5153062910+0300	runs/multifidelity-pilot-v3-gpu1/ideas/idea-0002-normalized-key-delta-updates/v001/implementations/impl-360464b718d3f7b7e161598ed453fdcb770cb2c4/training/main/budget-2048/checkpoints/ep0-ba2048-rank0.pt
1535366307	2026-09-17T16:21:17.8666483670+0300	runs/multifidelity-pilot-v3-gpu1/ideas/idea-0002-normalized-key-delta-updates/v001/implementations/impl-360464b718d3f7b7e161598ed453fdcb770cb2c4/training/main/budget-256/checkpoints/ep0-ba256-rank0.pt
1535367523	2026-09-17T16:49:02.4241569010+0300	runs/multifidelity-pilot-v3-gpu1/ideas/idea-0002-normalized-key-delta-updates/v001/implementations/impl-360464b718d3f7b7e161598ed453fdcb770cb2c4/training/main/budget-4096/checkpoints/ep0-ba4096-rank0.pt
1535366691	2026-09-17T18:30:22.4553439300+0300	runs/multifidelity-pilot-v3-gpu1/ideas/idea-0002-normalized-key-delta-updates/v001/implementations/impl-58f1bf6ca0e040b4c4fc4b0a9b73b97c8055a439/training/main/budget-1024/checkpoints/ep0-ba1024-rank0.pt
1535365859	2026-09-17T18:17:02.1149482350+0300	runs/multifidelity-pilot-v3-gpu1/ideas/idea-0002-normalized-key-delta-updates/v001/implementations/impl-58f1bf6ca0e040b4c4fc4b0a9b73b97c8055a439/training/main/budget-128/checkpoints/ep0-ba128-rank0.pt
1535367139	2026-09-17T18:39:04.9753575270+0300	runs/multifidelity-pilot-v3-gpu1/ideas/idea-0002-normalized-key-delta-updates/v001/implementations/impl-58f1bf6ca0e040b4c4fc4b0a9b73b97c8055a439/training/main/budget-2048/checkpoints/ep0-ba2048-rank0.pt
1535366307	2026-09-17T18:23:04.7320365970+0300	runs/multifidelity-pilot-v3-gpu1/ideas/idea-0002-normalized-key-delta-updates/v001/implementations/impl-58f1bf6ca0e040b4c4fc4b0a9b73b97c8055a439/training/main/budget-256/checkpoints/ep0-ba256-rank0.pt
1535367523	2026-09-17T18:50:51.7768034030+0300	runs/multifidelity-pilot-v3-gpu1/ideas/idea-0002-normalized-key-delta-updates/v001/implementations/impl-58f1bf6ca0e040b4c4fc4b0a9b73b97c8055a439/training/main/budget-4096/checkpoints/ep0-ba4096-rank0.pt
1535366691	2026-09-17T17:04:36.8759190860+0300	runs/multifidelity-pilot-v3-gpu1/ideas/idea-0002-normalized-key-delta-updates/v001/implementations/impl-759a0d7c45a839deefec529eace811a410f9e8b8/training/main/budget-1024/checkpoints/ep0-ba1024-rank0.pt
1535365859	2026-09-17T16:51:55.1798580290+0300	runs/multifidelity-pilot-v3-gpu1/ideas/idea-0002-normalized-key-delta-updates/v001/implementations/impl-759a0d7c45a839deefec529eace811a410f9e8b8/training/main/budget-128/checkpoints/ep0-ba128-rank0.pt
1535367139	2026-09-17T17:12:59.5463955460+0300	runs/multifidelity-pilot-v3-gpu1/ideas/idea-0002-normalized-key-delta-updates/v001/implementations/impl-759a0d7c45a839deefec529eace811a410f9e8b8/training/main/budget-2048/checkpoints/ep0-ba2048-rank0.pt
1535366307	2026-09-17T16:57:22.7467112180+0300	runs/multifidelity-pilot-v3-gpu1/ideas/idea-0002-normalized-key-delta-updates/v001/implementations/impl-759a0d7c45a839deefec529eace811a410f9e8b8/training/main/budget-256/checkpoints/ep0-ba256-rank0.pt
1535367523	2026-09-17T17:24:34.9490942670+0300	runs/multifidelity-pilot-v3-gpu1/ideas/idea-0002-normalized-key-delta-updates/v001/implementations/impl-759a0d7c45a839deefec529eace811a410f9e8b8/training/main/budget-4096/checkpoints/ep0-ba4096-rank0.pt
1535366691	2026-09-17T17:45:37.0851947690+0300	runs/multifidelity-pilot-v3-gpu1/ideas/idea-0002-normalized-key-delta-updates/v001/implementations/impl-e964a58825dcf8a6138d8e50f28fcbc885ad1b8c/training/main/budget-1024/checkpoints/ep0-ba1024-rank0.pt
1535365859	2026-09-17T17:32:34.9731580600+0300	runs/multifidelity-pilot-v3-gpu1/ideas/idea-0002-normalized-key-delta-updates/v001/implementations/impl-e964a58825dcf8a6138d8e50f28fcbc885ad1b8c/training/main/budget-128/checkpoints/ep0-ba128-rank0.pt
1535367139	2026-09-17T17:53:51.9000596570+0300	runs/multifidelity-pilot-v3-gpu1/ideas/idea-0002-normalized-key-delta-updates/v001/implementations/impl-e964a58825dcf8a6138d8e50f28fcbc885ad1b8c/training/main/budget-2048/checkpoints/ep0-ba2048-rank0.pt
1535366307	2026-09-17T17:37:37.0964572090+0300	runs/multifidelity-pilot-v3-gpu1/ideas/idea-0002-normalized-key-delta-updates/v001/implementations/impl-e964a58825dcf8a6138d8e50f28fcbc885ad1b8c/training/main/budget-256/checkpoints/ep0-ba256-rank0.pt
1535367523	2026-09-17T18:05:49.3180073240+0300	runs/multifidelity-pilot-v3-gpu1/ideas/idea-0002-normalized-key-delta-updates/v001/implementations/impl-e964a58825dcf8a6138d8e50f28fcbc885ad1b8c/training/main/budget-4096/checkpoints/ep0-ba4096-rank0.pt
1535366691	2026-09-17T19:11:49.6652648210+0300	runs/multifidelity-pilot-v3-gpu1/ideas/idea-0002-normalized-key-delta-updates/v001/implementations/impl-efd6bc9b1a542468c5c3e911765a1619d45ac339/training/main/budget-1024/checkpoints/ep0-ba1024-rank0.pt
1535365859	2026-09-17T19:00:04.5950773380+0300	runs/multifidelity-pilot-v3-gpu1/ideas/idea-0002-normalized-key-delta-updates/v001/implementations/impl-efd6bc9b1a542468c5c3e911765a1619d45ac339/training/main/budget-128/checkpoints/ep0-ba128-rank0.pt
1535367139	2026-09-17T19:19:14.7125197310+0300	runs/multifidelity-pilot-v3-gpu1/ideas/idea-0002-normalized-key-delta-updates/v001/implementations/impl-efd6bc9b1a542468c5c3e911765a1619d45ac339/training/main/budget-2048/checkpoints/ep0-ba2048-rank0.pt
1535366307	2026-09-17T19:04:11.3149513060+0300	runs/multifidelity-pilot-v3-gpu1/ideas/idea-0002-normalized-key-delta-updates/v001/implementations/impl-efd6bc9b1a542468c5c3e911765a1619d45ac339/training/main/budget-256/checkpoints/ep0-ba256-rank0.pt
1535367523	2026-09-17T19:30:33.0906940970+0300	runs/multifidelity-pilot-v3-gpu1/ideas/idea-0002-normalized-key-delta-updates/v001/implementations/impl-efd6bc9b1a542468c5c3e911765a1619d45ac339/training/main/budget-4096/checkpoints/ep0-ba4096-rank0.pt
1535366755	2026-09-17T22:07:26.3558201450+0300	runs/multifidelity-pilot-v3-gpu1/ideas/idea-0007-prediction-error-gated-state-writes/v001/implementations/impl-485196e0c4f5607e8cb4e501f32938398ad379f8/training/main/budget-1024/checkpoints/ep0-ba1024-rank0.pt
1535365859	2026-09-17T21:55:15.1395182590+0300	runs/multifidelity-pilot-v3-gpu1/ideas/idea-0007-prediction-error-gated-state-writes/v001/implementations/impl-485196e0c4f5607e8cb4e501f32938398ad379f8/training/main/budget-128/checkpoints/ep0-ba128-rank0.pt
1535367139	2026-09-17T22:15:54.3518255620+0300	runs/multifidelity-pilot-v3-gpu1/ideas/idea-0007-prediction-error-gated-state-writes/v001/implementations/impl-485196e0c4f5607e8cb4e501f32938398ad379f8/training/main/budget-2048/checkpoints/ep0-ba2048-rank0.pt
1535366307	2026-09-17T21:59:24.7773263610+0300	runs/multifidelity-pilot-v3-gpu1/ideas/idea-0007-prediction-error-gated-state-writes/v001/implementations/impl-485196e0c4f5607e8cb4e501f32938398ad379f8/training/main/budget-256/checkpoints/ep0-ba256-rank0.pt
1535367587	2026-09-17T22:27:51.0731152520+0300	runs/multifidelity-pilot-v3-gpu1/ideas/idea-0007-prediction-error-gated-state-writes/v001/implementations/impl-485196e0c4f5607e8cb4e501f32938398ad379f8/training/main/budget-4096/checkpoints/ep0-ba4096-rank0.pt
1535366755	2026-09-17T22:51:05.9005828510+0300	runs/multifidelity-pilot-v3-gpu1/ideas/idea-0007-prediction-error-gated-state-writes/v001/implementations/impl-7467d572427442c91cf4d88b3018e3324685ae37/training/main/budget-1024/checkpoints/ep0-ba1024-rank0.pt
1535365859	2026-09-17T22:38:07.9324538470+0300	runs/multifidelity-pilot-v3-gpu1/ideas/idea-0007-prediction-error-gated-state-writes/v001/implementations/impl-7467d572427442c91cf4d88b3018e3324685ae37/training/main/budget-128/checkpoints/ep0-ba128-rank0.pt
1535367139	2026-09-17T22:59:25.3684595900+0300	runs/multifidelity-pilot-v3-gpu1/ideas/idea-0007-prediction-error-gated-state-writes/v001/implementations/impl-7467d572427442c91cf4d88b3018e3324685ae37/training/main/budget-2048/checkpoints/ep0-ba2048-rank0.pt
1535366307	2026-09-17T22:43:37.3296973620+0300	runs/multifidelity-pilot-v3-gpu1/ideas/idea-0007-prediction-error-gated-state-writes/v001/implementations/impl-7467d572427442c91cf4d88b3018e3324685ae37/training/main/budget-256/checkpoints/ep0-ba256-rank0.pt
1535367587	2026-09-17T23:11:44.5049043560+0300	runs/multifidelity-pilot-v3-gpu1/ideas/idea-0007-prediction-error-gated-state-writes/v001/implementations/impl-7467d572427442c91cf4d88b3018e3324685ae37/training/main/budget-4096/checkpoints/ep0-ba4096-rank0.pt
1535366691	2026-09-17T20:33:18.3741793040+0300	runs/multifidelity-pilot-v3-gpu1/ideas/idea-0007-prediction-error-gated-state-writes/v001/implementations/impl-759a0d7c45a839deefec529eace811a410f9e8b8/training/main/budget-1024/checkpoints/ep0-ba1024-rank0.pt
1535365859	2026-09-17T20:20:34.5511138330+0300	runs/multifidelity-pilot-v3-gpu1/ideas/idea-0007-prediction-error-gated-state-writes/v001/implementations/impl-759a0d7c45a839deefec529eace811a410f9e8b8/training/main/budget-128/checkpoints/ep0-ba128-rank0.pt
1535367139	2026-09-17T20:41:33.1349526480+0300	runs/multifidelity-pilot-v3-gpu1/ideas/idea-0007-prediction-error-gated-state-writes/v001/implementations/impl-759a0d7c45a839deefec529eace811a410f9e8b8/training/main/budget-2048/checkpoints/ep0-ba2048-rank0.pt
1535366307	2026-09-17T20:25:54.4501662380+0300	runs/multifidelity-pilot-v3-gpu1/ideas/idea-0007-prediction-error-gated-state-writes/v001/implementations/impl-759a0d7c45a839deefec529eace811a410f9e8b8/training/main/budget-256/checkpoints/ep0-ba256-rank0.pt
1535367587	2026-09-17T20:54:18.6239885730+0300	runs/multifidelity-pilot-v3-gpu1/ideas/idea-0007-prediction-error-gated-state-writes/v001/implementations/impl-759a0d7c45a839deefec529eace811a410f9e8b8/training/main/budget-4096/checkpoints/ep0-ba4096-rank0.pt
1535366755	2026-09-17T21:24:49.7838099540+0300	runs/multifidelity-pilot-v3-gpu1/ideas/idea-0007-prediction-error-gated-state-writes/v001/implementations/impl-9f7e9c1bd61628ac5cfa55d000c23b033db5e7b8/training/main/budget-1024/checkpoints/ep0-ba1024-rank0.pt
1535365859	2026-09-17T21:13:55.4059646990+0300	runs/multifidelity-pilot-v3-gpu1/ideas/idea-0007-prediction-error-gated-state-writes/v001/implementations/impl-9f7e9c1bd61628ac5cfa55d000c23b033db5e7b8/training/main/budget-128/checkpoints/ep0-ba128-rank0.pt
1535367139	2026-09-17T21:32:25.1543118040+0300	runs/multifidelity-pilot-v3-gpu1/ideas/idea-0007-prediction-error-gated-state-writes/v001/implementations/impl-9f7e9c1bd61628ac5cfa55d000c23b033db5e7b8/training/main/budget-2048/checkpoints/ep0-ba2048-rank0.pt
1535366307	2026-09-17T21:18:16.9615144510+0300	runs/multifidelity-pilot-v3-gpu1/ideas/idea-0007-prediction-error-gated-state-writes/v001/implementations/impl-9f7e9c1bd61628ac5cfa55d000c23b033db5e7b8/training/main/budget-256/checkpoints/ep0-ba256-rank0.pt
1535367587	2026-09-17T21:44:00.5042766110+0300	runs/multifidelity-pilot-v3-gpu1/ideas/idea-0007-prediction-error-gated-state-writes/v001/implementations/impl-9f7e9c1bd61628ac5cfa55d000c23b033db5e7b8/training/main/budget-4096/checkpoints/ep0-ba4096-rank0.pt
1535366755	2026-09-17T19:56:54.2044444100+0300	runs/multifidelity-pilot-v3-gpu1/ideas/idea-0007-prediction-error-gated-state-writes/v001/implementations/impl-b2ebc078e2eb763e2113f6b3ab1751b713080b0e/training/main/budget-1024/checkpoints/ep0-ba1024-rank0.pt
1535365859	2026-09-17T19:44:19.4740878890+0300	runs/multifidelity-pilot-v3-gpu1/ideas/idea-0007-prediction-error-gated-state-writes/v001/implementations/impl-b2ebc078e2eb763e2113f6b3ab1751b713080b0e/training/main/budget-128/checkpoints/ep0-ba128-rank0.pt
1535367139	2026-09-17T20:05:23.6537562720+0300	runs/multifidelity-pilot-v3-gpu1/ideas/idea-0007-prediction-error-gated-state-writes/v001/implementations/impl-b2ebc078e2eb763e2113f6b3ab1751b713080b0e/training/main/budget-2048/checkpoints/ep0-ba2048-rank0.pt
1535366307	2026-09-17T19:49:26.9635540200+0300	runs/multifidelity-pilot-v3-gpu1/ideas/idea-0007-prediction-error-gated-state-writes/v001/implementations/impl-b2ebc078e2eb763e2113f6b3ab1751b713080b0e/training/main/budget-256/checkpoints/ep0-ba256-rank0.pt
1535367587	2026-09-17T20:17:35.3243821010+0300	runs/multifidelity-pilot-v3-gpu1/ideas/idea-0007-prediction-error-gated-state-writes/v001/implementations/impl-b2ebc078e2eb763e2113f6b3ab1751b713080b0e/training/main/budget-4096/checkpoints/ep0-ba4096-rank0.pt
1535376483	2026-09-18T00:54:08.6717759940+0300	runs/multifidelity-pilot-v3-gpu1/ideas/idea-0011-per-head-delta-write-trust-regions/v001/implementations/impl-0d9d40659e984006bd51973116e58d36b22923ec/training/main/budget-1024/checkpoints/ep0-ba1024-rank0.pt
1535375587	2026-09-18T00:40:53.6255313460+0300	runs/multifidelity-pilot-v3-gpu1/ideas/idea-0011-per-head-delta-write-trust-regions/v001/implementations/impl-0d9d40659e984006bd51973116e58d36b22923ec/training/main/budget-128/checkpoints/ep0-ba128-rank0.pt
1535376867	2026-09-18T01:02:16.1796832510+0300	runs/multifidelity-pilot-v3-gpu1/ideas/idea-0011-per-head-delta-write-trust-regions/v001/implementations/impl-0d9d40659e984006bd51973116e58d36b22923ec/training/main/budget-2048/checkpoints/ep0-ba2048-rank0.pt
1535376035	2026-09-18T00:46:44.8877944080+0300	runs/multifidelity-pilot-v3-gpu1/ideas/idea-0011-per-head-delta-write-trust-regions/v001/implementations/impl-0d9d40659e984006bd51973116e58d36b22923ec/training/main/budget-256/checkpoints/ep0-ba256-rank0.pt
1535377315	2026-09-18T01:14:27.6925243150+0300	runs/multifidelity-pilot-v3-gpu1/ideas/idea-0011-per-head-delta-write-trust-regions/v001/implementations/impl-0d9d40659e984006bd51973116e58d36b22923ec/training/main/budget-4096/checkpoints/ep0-ba4096-rank0.pt
1535376483	2026-09-18T01:50:12.7043304740+0300	runs/multifidelity-pilot-v3-gpu1/ideas/idea-0011-per-head-delta-write-trust-regions/v001/implementations/impl-10d94b2efc0e5ef7259a7923276d94ef26c544fe/training/main/budget-1024/checkpoints/ep0-ba1024-rank0.pt
1535375587	2026-09-18T01:37:54.1674705030+0300	runs/multifidelity-pilot-v3-gpu1/ideas/idea-0011-per-head-delta-write-trust-regions/v001/implementations/impl-10d94b2efc0e5ef7259a7923276d94ef26c544fe/training/main/budget-128/checkpoints/ep0-ba128-rank0.pt
1535376867	2026-09-18T01:58:49.7331519030+0300	runs/multifidelity-pilot-v3-gpu1/ideas/idea-0011-per-head-delta-write-trust-regions/v001/implementations/impl-10d94b2efc0e5ef7259a7923276d94ef26c544fe/training/main/budget-2048/checkpoints/ep0-ba2048-rank0.pt
1535376035	2026-09-18T01:43:22.7864936840+0300	runs/multifidelity-pilot-v3-gpu1/ideas/idea-0011-per-head-delta-write-trust-regions/v001/implementations/impl-10d94b2efc0e5ef7259a7923276d94ef26c544fe/training/main/budget-256/checkpoints/ep0-ba256-rank0.pt
1535377315	2026-09-18T02:10:54.5638094340+0300	runs/multifidelity-pilot-v3-gpu1/ideas/idea-0011-per-head-delta-write-trust-regions/v001/implementations/impl-10d94b2efc0e5ef7259a7923276d94ef26c544fe/training/main/budget-4096/checkpoints/ep0-ba4096-rank0.pt
1535366691	2026-09-17T23:33:46.6519147250+0300	runs/multifidelity-pilot-v3-gpu1/ideas/idea-0011-per-head-delta-write-trust-regions/v001/implementations/impl-759a0d7c45a839deefec529eace811a410f9e8b8/training/main/budget-1024/checkpoints/ep0-ba1024-rank0.pt
1535365859	2026-09-17T23:21:29.0394451560+0300	runs/multifidelity-pilot-v3-gpu1/ideas/idea-0011-per-head-delta-write-trust-regions/v001/implementations/impl-759a0d7c45a839deefec529eace811a410f9e8b8/training/main/budget-128/checkpoints/ep0-ba128-rank0.pt
1535367139	2026-09-17T23:41:47.6504696180+0300	runs/multifidelity-pilot-v3-gpu1/ideas/idea-0011-per-head-delta-write-trust-regions/v001/implementations/impl-759a0d7c45a839deefec529eace811a410f9e8b8/training/main/budget-2048/checkpoints/ep0-ba2048-rank0.pt
1535366307	2026-09-17T23:26:33.4163297040+0300	runs/multifidelity-pilot-v3-gpu1/ideas/idea-0011-per-head-delta-write-trust-regions/v001/implementations/impl-759a0d7c45a839deefec529eace811a410f9e8b8/training/main/budget-256/checkpoints/ep0-ba256-rank0.pt
1535367587	2026-09-17T23:53:21.5193276580+0300	runs/multifidelity-pilot-v3-gpu1/ideas/idea-0011-per-head-delta-write-trust-regions/v001/implementations/impl-759a0d7c45a839deefec529eace811a410f9e8b8/training/main/budget-4096/checkpoints/ep0-ba4096-rank0.pt
1535376291	2026-09-18T00:08:41.1645518530+0300	runs/multifidelity-pilot-v3-gpu1/ideas/idea-0011-per-head-delta-write-trust-regions/v001/implementations/impl-cd04294ef22081046e3e654cd59d4c50c591b30a/training/main/budget-1024/checkpoints/ep0-ba1024-rank0.pt
1535375459	2026-09-17T23:56:01.7173620080+0300	runs/multifidelity-pilot-v3-gpu1/ideas/idea-0011-per-head-delta-write-trust-regions/v001/implementations/impl-cd04294ef22081046e3e654cd59d4c50c591b30a/training/main/budget-128/checkpoints/ep0-ba128-rank0.pt
1535376739	2026-09-18T00:17:00.3242018480+0300	runs/multifidelity-pilot-v3-gpu1/ideas/idea-0011-per-head-delta-write-trust-regions/v001/implementations/impl-cd04294ef22081046e3e654cd59d4c50c591b30a/training/main/budget-2048/checkpoints/ep0-ba2048-rank0.pt
1535375843	2026-09-18T00:00:53.0321416810+0300	runs/multifidelity-pilot-v3-gpu1/ideas/idea-0011-per-head-delta-write-trust-regions/v001/implementations/impl-cd04294ef22081046e3e654cd59d4c50c591b30a/training/main/budget-256/checkpoints/ep0-ba256-rank0.pt
1535377123	2026-09-18T00:29:23.8897978580+0300	runs/multifidelity-pilot-v3-gpu1/ideas/idea-0011-per-head-delta-write-trust-regions/v001/implementations/impl-cd04294ef22081046e3e654cd59d4c50c591b30a/training/main/budget-4096/checkpoints/ep0-ba4096-rank0.pt
1535376483	2026-09-18T03:11:09.1309409830+0300	runs/multifidelity-pilot-v3-gpu1/ideas/idea-0020-state-amplification-aware-write-control/v001/implementations/impl-10d94b2efc0e5ef7259a7923276d94ef26c544fe/training/main/budget-1024/checkpoints/ep0-ba1024-rank0.pt
1535375587	2026-09-18T02:58:28.1218586790+0300	runs/multifidelity-pilot-v3-gpu1/ideas/idea-0020-state-amplification-aware-write-control/v001/implementations/impl-10d94b2efc0e5ef7259a7923276d94ef26c544fe/training/main/budget-128/checkpoints/ep0-ba128-rank0.pt
1535376867	2026-09-18T03:20:12.7322442700+0300	runs/multifidelity-pilot-v3-gpu1/ideas/idea-0020-state-amplification-aware-write-control/v001/implementations/impl-10d94b2efc0e5ef7259a7923276d94ef26c544fe/training/main/budget-2048/checkpoints/ep0-ba2048-rank0.pt
1535376035	2026-09-18T03:04:20.3700953440+0300	runs/multifidelity-pilot-v3-gpu1/ideas/idea-0020-state-amplification-aware-write-control/v001/implementations/impl-10d94b2efc0e5ef7259a7923276d94ef26c544fe/training/main/budget-256/checkpoints/ep0-ba256-rank0.pt
1535377315	2026-09-18T03:33:03.4575341080+0300	runs/multifidelity-pilot-v3-gpu1/ideas/idea-0020-state-amplification-aware-write-control/v001/implementations/impl-10d94b2efc0e5ef7259a7923276d94ef26c544fe/training/main/budget-4096/checkpoints/ep0-ba4096-rank0.pt
1535366755	2026-09-18T02:34:28.1347128580+0300	runs/multifidelity-pilot-v3-gpu1/ideas/idea-0020-state-amplification-aware-write-control/v001/implementations/impl-5663e357b506097f643d8d5837febead607d33fb/training/main/budget-1024/checkpoints/ep0-ba1024-rank0.pt
1535365859	2026-09-18T02:21:29.0909536340+0300	runs/multifidelity-pilot-v3-gpu1/ideas/idea-0020-state-amplification-aware-write-control/v001/implementations/impl-5663e357b506097f643d8d5837febead607d33fb/training/main/budget-128/checkpoints/ep0-ba128-rank0.pt
1535367139	2026-09-18T02:42:53.4178175260+0300	runs/multifidelity-pilot-v3-gpu1/ideas/idea-0020-state-amplification-aware-write-control/v001/implementations/impl-5663e357b506097f643d8d5837febead607d33fb/training/main/budget-2048/checkpoints/ep0-ba2048-rank0.pt
1535366307	2026-09-18T02:26:44.3341757060+0300	runs/multifidelity-pilot-v3-gpu1/ideas/idea-0020-state-amplification-aware-write-control/v001/implementations/impl-5663e357b506097f643d8d5837febead607d33fb/training/main/budget-256/checkpoints/ep0-ba256-rank0.pt
1535367587	2026-09-18T02:55:47.9758498360+0300	runs/multifidelity-pilot-v3-gpu1/ideas/idea-0020-state-amplification-aware-write-control/v001/implementations/impl-5663e357b506097f643d8d5837febead607d33fb/training/main/budget-4096/checkpoints/ep0-ba4096-rank0.pt
1535366755	2026-09-18T03:57:59.1185867120+0300	runs/multifidelity-pilot-v3-gpu1/ideas/idea-0020-state-amplification-aware-write-control/v001/implementations/impl-7fbc0d69b1a0a9dfa6fb4014d02dbe9c64ee56e2/training/main/budget-1024/checkpoints/ep0-ba1024-rank0.pt
1535365859	2026-09-18T03:46:12.2200523840+0300	runs/multifidelity-pilot-v3-gpu1/ideas/idea-0020-state-amplification-aware-write-control/v001/implementations/impl-7fbc0d69b1a0a9dfa6fb4014d02dbe9c64ee56e2/training/main/budget-128/checkpoints/ep0-ba128-rank0.pt
1535367139	2026-09-18T04:05:26.2825422950+0300	runs/multifidelity-pilot-v3-gpu1/ideas/idea-0020-state-amplification-aware-write-control/v001/implementations/impl-7fbc0d69b1a0a9dfa6fb4014d02dbe9c64ee56e2/training/main/budget-2048/checkpoints/ep0-ba2048-rank0.pt
1535366307	2026-09-18T03:51:07.0407626320+0300	runs/multifidelity-pilot-v3-gpu1/ideas/idea-0020-state-amplification-aware-write-control/v001/implementations/impl-7fbc0d69b1a0a9dfa6fb4014d02dbe9c64ee56e2/training/main/budget-256/checkpoints/ep0-ba256-rank0.pt
1535367587	2026-09-18T04:16:35.5129997920+0300	runs/multifidelity-pilot-v3-gpu1/ideas/idea-0020-state-amplification-aware-write-control/v001/implementations/impl-7fbc0d69b1a0a9dfa6fb4014d02dbe9c64ee56e2/training/main/budget-4096/checkpoints/ep0-ba4096-rank0.pt
1535366755	2026-09-18T05:17:49.7539539290+0300	runs/multifidelity-pilot-v3-gpu1/ideas/idea-0020-state-amplification-aware-write-control/v001/implementations/impl-c142f9283ebf79c4403ad65706cfc5a000ddc4b7/training/main/budget-1024/checkpoints/ep0-ba1024-rank0.pt
1535365859	2026-09-18T05:06:07.9793380900+0300	runs/multifidelity-pilot-v3-gpu1/ideas/idea-0020-state-amplification-aware-write-control/v001/implementations/impl-c142f9283ebf79c4403ad65706cfc5a000ddc4b7/training/main/budget-128/checkpoints/ep0-ba128-rank0.pt
1535367139	2026-09-18T05:25:17.3168713120+0300	runs/multifidelity-pilot-v3-gpu1/ideas/idea-0020-state-amplification-aware-write-control/v001/implementations/impl-c142f9283ebf79c4403ad65706cfc5a000ddc4b7/training/main/budget-2048/checkpoints/ep0-ba2048-rank0.pt
1535366307	2026-09-18T05:10:22.9310209120+0300	runs/multifidelity-pilot-v3-gpu1/ideas/idea-0020-state-amplification-aware-write-control/v001/implementations/impl-c142f9283ebf79c4403ad65706cfc5a000ddc4b7/training/main/budget-256/checkpoints/ep0-ba256-rank0.pt
1535367587	2026-09-18T05:36:38.4280102500+0300	runs/multifidelity-pilot-v3-gpu1/ideas/idea-0020-state-amplification-aware-write-control/v001/implementations/impl-c142f9283ebf79c4403ad65706cfc5a000ddc4b7/training/main/budget-4096/checkpoints/ep0-ba4096-rank0.pt
1535366755	2026-09-18T04:36:48.0749417860+0300	runs/multifidelity-pilot-v3-gpu1/ideas/idea-0020-state-amplification-aware-write-control/v001/implementations/impl-d715bb0e0eb09236b0e47371a74df37452a6c93f/training/main/budget-1024/checkpoints/ep0-ba1024-rank0.pt
1535365859	2026-09-18T04:25:18.4680691400+0300	runs/multifidelity-pilot-v3-gpu1/ideas/idea-0020-state-amplification-aware-write-control/v001/implementations/impl-d715bb0e0eb09236b0e47371a74df37452a6c93f/training/main/budget-128/checkpoints/ep0-ba128-rank0.pt
1535367139	2026-09-18T04:44:59.9147464750+0300	runs/multifidelity-pilot-v3-gpu1/ideas/idea-0020-state-amplification-aware-write-control/v001/implementations/impl-d715bb0e0eb09236b0e47371a74df37452a6c93f/training/main/budget-2048/checkpoints/ep0-ba2048-rank0.pt
1535366307	2026-09-18T04:30:10.9178123090+0300	runs/multifidelity-pilot-v3-gpu1/ideas/idea-0020-state-amplification-aware-write-control/v001/implementations/impl-d715bb0e0eb09236b0e47371a74df37452a6c93f/training/main/budget-256/checkpoints/ep0-ba256-rank0.pt
1535367587	2026-09-18T04:56:48.0482085450+0300	runs/multifidelity-pilot-v3-gpu1/ideas/idea-0020-state-amplification-aware-write-control/v001/implementations/impl-d715bb0e0eb09236b0e47371a74df37452a6c93f/training/main/budget-4096/checkpoints/ep0-ba4096-rank0.pt
