commit,campaign,campaigns,group_ids,replicates,main_256,main_256_replicate_sd,main_512,main_512_replicate_sd,main_1024,main_1024_replicate_sd,control_fitness,control_fitness_replicate_sd,probe_fitness,probe_fitness_replicate_sd,fork_effect,fork_effect_replicate_sd,final_fitness,final_fitness_replicate_sd,future_gain_from_control,future_gain_from_control_replicate_sd
0369584bf978a6850f96d29d3dc07fe00f32aaa9,fork-to-zero-mechanism-v1-gpu1,fork-to-zero-mechanism-v1-gpu1,fork-to-zero-mechanism-v1-gpu1/ideas/idea-0001-bounded-input-dependent-retention/v001;fork-to-zero-mechanism-v1-gpu1/ideas/idea-0008-complementary-retention-write-coupling/v001;fork-to-zero-mechanism-v1-gpu1/ideas/idea-0020-straight-through-retention-gradient-floor/v001;fork-to-zero-mechanism-v1-gpu1/ideas/idea-0023-unit-norm-delta-addressing/v001;fork-to-zero-mechanism-v1-gpu1/ideas/idea-0026-upper-tail-delta-addressing-cap/v001,5,0.137840915049416,1.0406764458140974e-06,0.15179343948754534,0.0,0.16428454469066622,2.817456243413051e-05,0.1699772628690137,3.518192163877238e-05,0.17206787812282362,1.3006787305071035e-05,0.0020906152538098855,3.386578725894283e-05,0.19793435783769386,1.3961730066373904e-05,0.027957094968680114,4.562045348641592e-05
05c39a2094272461115aec8ed3f1c7b6faa13c63,fork-to-zero-mechanism-v1-gpu1,fork-to-zero-mechanism-v1-gpu1,fork-to-zero-mechanism-v1-gpu1/ideas/idea-0008-complementary-retention-write-coupling/v001,1,0.1377334582116688,0.0,0.15148301875359774,0.0,0.16381358014579409,0.0,0.16925055852684312,0.0,0.1713326251584827,0.0,0.0020820666316395675,0.0,0.19728924576321347,0.0,0.028038687236370347,0.0
0e42dd251ffc021f9b61d6e156640cc533a05e83,fork-to-zero-mechanism-v1-gpu0,fork-to-zero-mechanism-v1-gpu0,fork-to-zero-mechanism-v1-gpu0/ideas/idea-0012-retention-conditioned-write-budget/v001,1,0.1377809008115295,0.0,0.15150137866254582,0.0,0.163856527224762,0.0,0.16919614909564656,0.0,0.17141779659564255,0.0,0.0022216474999959823,0.0,0.19697835207910652,0.0,0.027782202983459958,0.0
24373c73464653e4c2f2aadd45ca40c13927b706,fork-to-zero-mechanism-v1-gpu0,fork-to-zero-mechanism-v1-gpu0,fork-to-zero-mechanism-v1-gpu0/ideas/idea-0007-normalized-direction-gated-write-magnitude/v001,1,0.13781887842996735,0.0,0.1516921256617569,0.0,0.16405275936741257,0.0,0.1694053870913095,0.0,0.17161195105627156,0.0,0.0022065639649620494,0.0,0.1975933134422731,0.0,0.028187926350963594,0.0
2f289dfd5ac6d2765cf3580d073d1df7566ba20a,fork-to-zero-mechanism-v1-gpu0,fork-to-zero-mechanism-v1-gpu0,fork-to-zero-mechanism-v1-gpu0/ideas/idea-0024-groupwise-feature-selective-retention/v001,1,0.13772397361208666,0.0,0.15172895140121687,0.0,0.16420630880638434,0.0,0.1695087636030783,0.0,0.17176523128188392,0.0,0.002256467678805635,0.0,0.19763236427597383,0.0,0.028123600672895543,0.0
2fcc0e688a53b68c018d705282f73370b410cf28,fork-to-zero-mechanism-v1-gpu0,fork-to-zero-mechanism-v1-gpu0,fork-to-zero-mechanism-v1-gpu0/ideas/idea-0030-gate-confidence-recurrent-readout/v001,1,0.13679703424029765,0.0,0.15138211874413393,0.0,0.16358044886475168,0.0,0.1693996476487329,0.0,0.1715707300334563,0.0,0.0021710823847234106,0.0,0.19720365221163896,0.0,0.027804004562906076,0.0
30511973f87bb0a74b8f82ffdbcbf0f432274b78,fork-to-zero-mechanism-v1-gpu0,fork-to-zero-mechanism-v1-gpu0,fork-to-zero-mechanism-v1-gpu0/ideas/idea-0030-gate-confidence-recurrent-readout/v001,1,0.13673343816230257,0.0,0.15000150001500015,0.0,0.16238511253288299,0.0,0.1678133915086424,0.0,0.17002754446220286,0.0,0.00221415295356045,0.0,0.1964134896784711,0.0,0.028600098169828697,0.0
3bded641942f2490b6470337cea17fc23ddf663b,fork-to-zero-mechanism-v1-gpu1,fork-to-zero-mechanism-v1-gpu1,fork-to-zero-mechanism-v1-gpu1/ideas/idea-0012-mean-preserving-complementary-allocation/v001,1,0.13774104683195593,0.0,0.1516576177621402,0.0,0.16351090617744204,0.0,0.1683615058253081,0.0,0.17080586205718581,0.0,0.00244435623187772,0.0,0.195928603616842,0.0,0.027567097791533907,0.0
3e3d542e9cc38a6dae3084abe77c10696a1633a5,fork-to-zero-mechanism-v1-gpu0,fork-to-zero-mechanism-v1-gpu0,fork-to-zero-mechanism-v1-gpu0/ideas/idea-0007-normalized-direction-gated-write-magnitude/v001,1,0.13781887842996735,0.0,0.1516944267467613,0.0,0.1640796770911955,0.0,0.16940825695844416,0.0,0.1716355148207267,0.0,0.0022272578622825334,0.0,0.1976050270718887,0.0,0.02819677011344454,0.0
41d0629b1aa518cfd7fe7aa750be507e4261e63b,fork-to-zero-mechanism-v1-gpu1,fork-to-zero-mechanism-v1-gpu1,fork-to-zero-mechanism-v1-gpu1/ideas/idea-0008-complementary-retention-write-coupling/v001,1,0.13773156118724605,0.0,0.15148760831363994,0.0,0.16383773510714988,0.0,0.16927347823143069,0.0,0.1713473038501739,0.0,0.0020738256187432247,0.0,0.19731260235591247,0.0,0.028039124124481785,0.0
4235480e469ba3d2fc7fc4f51e863488981e9ed8,fork-to-zero-mechanism-v1-gpu0,fork-to-zero-mechanism-v1-gpu0,fork-to-zero-mechanism-v1-gpu0/ideas/idea-0003-decoupled-retention-and-write-gates/v001;fork-to-zero-mechanism-v1-gpu0/ideas/idea-0007-normalized-direction-gated-write-magnitude/v001;fork-to-zero-mechanism-v1-gpu0/ideas/idea-0012-retention-conditioned-write-budget/v001;fork-to-zero-mechanism-v1-gpu0/ideas/idea-0018-directional-state-norm-protection/v001;fork-to-zero-mechanism-v1-gpu0/ideas/idea-0024-groupwise-feature-selective-retention/v001;fork-to-zero-mechanism-v1-gpu0/ideas/idea-0030-gate-confidence-recurrent-readout/v001,6,0.13781887842996735,0.0,0.15169212567339196,1.455311864897976e-06,0.16402092607030974,3.952620658332744e-05,0.16936091673915618,5.664359042577366e-06,0.17160900698397608,1.393750395581511e-05,0.0022480902448199732,1.6541950444582676e-05,0.19758420530994406,1.891153387044707e-05,0.028223288570787926,1.7959422664672937e-05
4f4d50a33f8d80c478a9bf9f78939c2e64b57ad9,cross_campaign,fork-to-zero-mechanism-v1-gpu0;fork-to-zero-mechanism-v1-gpu1,fork-to-zero-mechanism-v1-gpu0/ideas/idea-0003-decoupled-retention-and-write-gates/v001;fork-to-zero-mechanism-v1-gpu1/ideas/idea-0001-bounded-input-dependent-retention/v001,2,0.1378283761060727,0.0,0.15182685666142284,1.6299797297582674e-06,0.16419282810153568,3.8126186185611827e-06,0.16941687200590855,4.059086471818523e-05,0.1716826619704015,8.336770957585623e-06,0.002265789964492948,3.2254093760599606e-05,0.19756598703967124,0.0,0.028149115033762703,4.059086471818523e-05
524f2f6f0b7762899dc1f1fcaa5b90035be3bf2b,fork-to-zero-mechanism-v1-gpu0,fork-to-zero-mechanism-v1-gpu0,fork-to-zero-mechanism-v1-gpu0/ideas/idea-0012-retention-conditioned-write-budget/v001,1,0.1377809008115295,0.0,0.15149908343054524,0.0,0.16388338058637475,0.0,0.16921046397509223,0.0,0.17145012515859137,0.0,0.0022396611834991365,0.0,0.1970210418472693,0.0,0.027810577872177056,0.0
54778480a4fe60bb1636efea4548db7b269ae27e,fork-to-zero-mechanism-v1-gpu0,fork-to-zero-mechanism-v1-gpu0,fork-to-zero-mechanism-v1-gpu0/ideas/idea-0024-groupwise-feature-selective-retention/v001,1,0.13774294411768756,0.0,0.15174506828528073,0.0,0.16435744457045182,0.0,0.16953462744765618,0.0,0.17180359413118923,0.0,0.002268966683533047,0.0,0.19778089832084017,0.0,0.028246270873183987,0.0
73f3beec3bfb34483be05b51bca957d6c8eeee4a,fork-to-zero-mechanism-v1-gpu0,fork-to-zero-mechanism-v1-gpu0,fork-to-zero-mechanism-v1-gpu0/ideas/idea-0018-directional-state-norm-protection/v001,1,0.13779798814937302,0.0,0.15165531779371844,0.0,0.1640796770911955,0.0,0.1693422746054325,0.0,0.17159133806925428,0.0,0.002249063463821782,0.0,0.1975347661188369,0.0,0.028192491513404416,0.0
7c58097d6551a7cd48ed94cfc812e5efb5b42db6,fork-to-zero-mechanism-v1-gpu0,fork-to-zero-mechanism-v1-gpu0,fork-to-zero-mechanism-v1-gpu0/ideas/idea-0007-normalized-direction-gated-write-magnitude/v001,1,0.13781887842996735,0.0,0.1516921256617569,0.0,0.1639881928501148,0.0,0.1694053870913095,0.0,0.1716001716001716,0.0,0.0021947845088620965,0.0,0.19760893192372295,0.0,0.02820354483241344,0.0
89f8661e4727a339d7ba80e76f192c9aba88e922,fork-to-zero-mechanism-v1-gpu0,fork-to-zero-mechanism-v1-gpu0,fork-to-zero-mechanism-v1-gpu0/ideas/idea-0018-directional-state-norm-protection/v001,1,0.13618597556823597,0.0,0.1481766858802436,0.0,0.16122791177608667,0.0,0.1665084836072398,0.0,0.16861700333861665,0.0,0.002108519731376851,0.0,0.1942388749684362,0.0,0.0277303913611964,0.0
98466f0eebaf91caac4f0ac02300db91bf8aa588,fork-to-zero-mechanism-v1-gpu1,fork-to-zero-mechanism-v1-gpu1,fork-to-zero-mechanism-v1-gpu1/ideas/idea-0026-upper-tail-delta-addressing-cap/v001,1,0.13777520597393292,0.0,0.15104371205026737,0.0,0.16319336782153174,0.0,0.16869095816464239,0.0,0.17085547335508894,0.0,0.002164515190446553,0.0,0.19691241335853812,0.0,0.02822145519389574,0.0
a1449a7af1b9417ca7219098d7f9200108f805ba,fork-to-zero-mechanism-v1-gpu0,fork-to-zero-mechanism-v1-gpu0,fork-to-zero-mechanism-v1-gpu0/ideas/idea-0003-decoupled-retention-and-write-gates/v001,1,0.13781887842996735,0.0,0.15160703456640387,0.0,0.16399626088525182,0.0,0.1692219176227705,0.0,0.1714765848723357,0.0,0.00225466724956519,0.0,0.19749185346104473,0.0,0.028269935838274224,0.0
aa5838e091b1f72901640d8a2f9a29b5a81345aa,fork-to-zero-mechanism-v1-gpu1,fork-to-zero-mechanism-v1-gpu1,fork-to-zero-mechanism-v1-gpu1/ideas/idea-0012-mean-preserving-complementary-allocation/v001,1,0.13774294411768756,0.0,0.15176349177441875,0.0,0.16405275936741257,0.0,0.16945993119926794,0.0,0.17166203179180828,0.0,0.0022021005925403347,0.0,0.1975542780378909,0.0,0.02809434683862297,0.0
ab702375fe765980d67bc2c7195b77adaf2d1934,fork-to-zero-mechanism-v1-gpu1,fork-to-zero-mechanism-v1-gpu1,fork-to-zero-mechanism-v1-gpu1/ideas/idea-0026-upper-tail-delta-addressing-cap/v001,1,0.13784167505203523,0.0,0.15179113539769276,0.0,0.1643115346697338,0.0,0.17001309100800763,0.0,0.17208445905250297,0.0,0.002071368044495342,0.0,0.19788657141726362,0.0,0.027873480409255996,0.0
b3a210ded839250e22eb148718fc9d401ec90052,fork-to-zero-mechanism-v1-gpu1,fork-to-zero-mechanism-v1-gpu1,fork-to-zero-mechanism-v1-gpu1/ideas/idea-0020-straight-through-retention-gradient-floor/v001,1,0.1378397750454871,0.0,0.15177270519669742,0.0,0.16397743670470943,0.0,0.10312467773538209,0.0,0.03013700281479606,0.0,-0.07298767492058603,0.0,0.09723559211613819,0.0,-0.0058890856192438945,0.0
c185fd1b498fcdf7b5ee575feac207631e14b275,fork-to-zero-mechanism-v1-gpu0,fork-to-zero-mechanism-v1-gpu0,fork-to-zero-mechanism-v1-gpu0/ideas/idea-0012-retention-conditioned-write-budget/v001,1,0.13777900248002203,0.0,0.15149678826808874,0.0,0.16389681056806635,0.0,0.1692305088761402,0.0,0.17145012515859137,0.0,0.002219616282451181,0.0,0.19699387349053446,0.0,0.02776336461439427,0.0
c2082ab3b8cf94baf7f28bfa9fdc13a0fb79b96f,fork-to-zero-mechanism-v1-gpu1,fork-to-zero-mechanism-v1-gpu1,fork-to-zero-mechanism-v1-gpu1/ideas/idea-0026-upper-tail-delta-addressing-cap/v001,1,0.13731359679235436,0.0,0.1508250128201261,0.0,0.16337733629590903,0.0,0.16892462583195378,0.0,0.17098108949150223,0.0,0.002056463659548452,0.0,0.1974060840555106,0.0,0.028481458223556827,0.0
c37085d1533231f1a42e1fe130923f39da2a69f0,fork-to-zero-mechanism-v1-gpu1,fork-to-zero-mechanism-v1-gpu1,fork-to-zero-mechanism-v1-gpu1/ideas/idea-0020-straight-through-retention-gradient-floor/v001,1,0.13784167505203523,0.0,0.15179343948754534,0.0,0.16416317819912993,0.0,0.16975046681378375,0.0,0.1720015824145582,0.0,0.002251115600774456,0.0,0.19781611014401013,0.0,0.028065643330226375,0.0
cb3c8e854850b3b91a0b72a20b51aa88fdf09321,fork-to-zero-mechanism-v1-gpu0,fork-to-zero-mechanism-v1-gpu0,fork-to-zero-mechanism-v1-gpu0/ideas/idea-0024-groupwise-feature-selective-retention/v001,1,0.1377714096770638,0.0,0.151758885482745,0.0,0.16427374576995105,0.0,0.16951163697387825,0.0,0.17183902120493522,0.0,0.002327384231056967,0.0,0.19774960944452136,0.0,0.028237972470643108,0.0
cf414918523b872d21c1294aeb67bc2fc885de18,fork-to-zero-mechanism-v1-gpu0,fork-to-zero-mechanism-v1-gpu0,fork-to-zero-mechanism-v1-gpu0/ideas/idea-0003-decoupled-retention-and-write-gates/v001,1,0.13780368487053343,0.0,0.15160473613195677,0.0,0.16381089670084856,0.0,0.16939103921402557,0.0,0.171556013038257,0.0,0.00216497382423142,0.0,0.19743726430926575,0.0,0.028046225095240185,0.0
cf638e32a39a0c5569166470782c1e70f1a51bcd,fork-to-zero-mechanism-v1-gpu1,fork-to-zero-mechanism-v1-gpu1,fork-to-zero-mechanism-v1-gpu1/ideas/idea-0012-mean-preserving-complementary-allocation/v001,1,0.13774104683195593,0.0,0.1516576177621402,0.0,0.16350555918901244,0.0,0.16838418535731126,0.0,0.17080002732800437,0.0,0.002415841970693111,0.0,0.195928603616842,0.0,0.027544418259530745,0.0
d37dbe1136e77aec1aecb4ab3657bf97d339ef12,fork-to-zero-mechanism-v1-gpu1,fork-to-zero-mechanism-v1-gpu1,fork-to-zero-mechanism-v1-gpu1/ideas/idea-0023-unit-norm-delta-addressing/v001,1,0.1378397750454871,0.0,0.15179343948754534,0.0,0.16421439831844456,0.0,0.16994374861920705,0.0,0.17208742040956806,0.0,0.0021436717903610125,0.0,0.19793357349273583,0.0,0.027989824873528774,0.0
d715e8c0c43c4c5a3cae7d569f2449c851fd83ae,fork-to-zero-mechanism-v1-gpu1,fork-to-zero-mechanism-v1-gpu1,fork-to-zero-mechanism-v1-gpu1/ideas/idea-0008-complementary-retention-write-coupling/v001,1,0.13773156118724605,0.0,0.15148531349885627,0.0,0.1638645823091797,0.0,0.1692820747211078,0.0,0.17137666878031227,0.0,0.00209459405920448,0.0,0.19728924576321347,0.0,0.028007171042105677,0.0
d78195482d94621fb96c04040b6801112a6e0504,fork-to-zero-mechanism-v1-gpu0,fork-to-zero-mechanism-v1-gpu0,fork-to-zero-mechanism-v1-gpu0/ideas/idea-0003-decoupled-retention-and-write-gates/v001,1,0.13781887842996735,0.0,0.1516921256617569,0.0,0.16406352539703373,0.0,0.1693652191585936,0.0,0.171609006040637,0.0,0.002243786882043408,0.0,0.19754647280772802,0.0,0.02818125364913443,0.0
d7b28e96642a157d19a3a02e219181517b8807a4,fork-to-zero-mechanism-v1-gpu0,fork-to-zero-mechanism-v1-gpu0,fork-to-zero-mechanism-v1-gpu0/ideas/idea-0030-gate-confidence-recurrent-readout/v001,1,0.13679703424029765,0.0,0.15138441043341358,0.0,0.1636955916777161,0.0,0.16944270294999747,0.0,0.17165613842351005,0.0,0.002213435473512576,0.0,0.19722309876932786,0.0,0.027780395819330395,0.0
e60f17b3e76f06b144ec2bb9a0446dcbc26fba3b,fork-to-zero-mechanism-v1-gpu0,fork-to-zero-mechanism-v1-gpu0,fork-to-zero-mechanism-v1-gpu0/ideas/idea-0024-groupwise-feature-selective-retention/v001,1,0.13777520597393292,0.0,0.15168752370117558,0.0,0.1641874363773684,0.0,0.1694111269228163,0.0,0.17165613842351005,0.0,0.0022450115006937554,0.0,0.1975542780378909,0.0,0.02814315111507462,0.0
ee32db561577c016a60d8db301d8998470a3567f,fork-to-zero-mechanism-v1-gpu0,fork-to-zero-mechanism-v1-gpu0,fork-to-zero-mechanism-v1-gpu0/ideas/idea-0012-retention-conditioned-write-budget/v001,1,0.1377809008115295,0.0,0.15149678826808874,0.0,0.1638887523149286,0.0,0.1692276450280918,0.0,0.17143542884572527,0.0,0.0022077838176334796,0.0,0.19701716019465293,0.0,0.02778951516656114,0.0
efd44f20b946dae1741e97842192696bc98ba2d2,fork-to-zero-mechanism-v1-gpu0,fork-to-zero-mechanism-v1-gpu0,fork-to-zero-mechanism-v1-gpu0/ideas/idea-0018-directional-state-norm-protection/v001,1,0.13779798814937302,0.0,0.15165531779371844,0.0,0.1640823693494134,0.0,0.1693795626619692,0.0,0.1716001716001716,0.0,0.0022206089382023897,0.0,0.19753866819429905,0.0,0.028159105532329837,0.0
fc3c4e6097cfdbcf251f07126bbd1aa0c42d2219,fork-to-zero-mechanism-v1-gpu1,fork-to-zero-mechanism-v1-gpu1,fork-to-zero-mechanism-v1-gpu1/ideas/idea-0008-complementary-retention-write-coupling/v001;fork-to-zero-mechanism-v1-gpu1/ideas/idea-0012-mean-preserving-complementary-allocation/v001,2,0.13773156118724605,0.0,0.15148531349885627,0.0,0.16384713547660446,3.9864102437943846e-05,0.1692333745659801,2.4301790507768673e-05,0.17136932722073434,1.4536144251093037e-05,0.0021359526547542335,9.765646256675634e-06,0.19732038980725355,1.651886410929009e-05,0.028087015241273453,4.082065461705876e-05
